기업명,RIM기업가치,매출액증가율,순이익증가율,유동비율,순운전자본비율,부채비율,자기자본비율,매출총이익률,ROA,ROI,총자산회전율,시가총액
기업은행,311789.8071693449,0.0041137521810975,0.5672201046579236,1.074307608313423,0.0691679066017973,13.45757214768757,0.0691679066017973,0.6709476954945625,0.0081173777902936,0.0060941252070291,0.0218289710979348,80192.77922604303
카카오뱅크,33510.59826946848,0.3113113113113113,0.7966549295774648,1.1809185843433698,0.1532015726926396,5.527348136342232,0.1532015726926396,0.6907124681933843,0.0071281711205018,0.0056631363397992,0.0218090404854592,118343.86294938608
카카오페이,-5127.737948084054,0.6125175808720112,0.350597609561753,2.714353387020369,0.4217088589157223,0.9117286700824238,0.5230867829988056,1.0,-0.0079237917674134,-0.0098756081218865,0.1335974597255804,78119.9129043038
NAVER,3104720.929542645,0.2853452989197036,18.500118343195265,1.1749808415137029,0.0284645751090795,0.4021908321333144,0.7131696892345136,1.205717554564656,0.0393428512065536,0.489080169778279,0.2023567124751417,336526.9704558861
삼성카드,69932.19901112485,0.1039137973742878,0.3818956870611835,1.3827282498510003,0.276792095548957,2.6128199326527626,0.276792095548957,1.0,0.0276044237811392,0.0203026797621591,0.0985072317474819,35086.178585873415
신한지주,514416.0197775032,-0.0033707865168539,0.1756667905434378,1.082755192078766,0.0764301964878002,12.083833955073237,0.0764301964878002,0.794284239551215,0.0091831825919899,0.0063451146196834,0.0227171951279344,190500.7381063544
신세계,39523.62669962917,0.3243872266370327,-6.62807525325615,0.5471659209468236,-0.1609586280186155,1.367826464208243,0.4223313422990948,0.8050788423785701,0.0379200410421781,0.0285023269449228,0.4629264538825167,20754.63852835443
제주은행,2295.7231149567365,0.0076628352490421,0.0514285714285714,1.080254499634429,0.074292215085971,12.4603605349874,0.074292215085971,0.6089082020640956,0.0032545145589124,0.002649693269203,0.0265113331989286,6460.120387379746
푸른저축은행,3094.851668726823,0.0134615384615384,0.1095890410958904,1.3258908930928288,0.2457901285773538,3.068511643604455,0.2457901285773538,0.8387096774193549,0.0216507673164662,0.0201576109498133,0.0437163002903359,1520.0025812658228
DB손해보험,109426.28306551298,0.0603903960248704,0.5742110009017133,1.116039373240881,0.1039742647285935,8.617764574823617,0.1039742647285935,0.0676286646938588,0.0171177237319232,0.0134807479660734,0.2531134365791733,52783.640506329124
롯데손해보험,15234.363411619284,0.0153598856938739,-5.954545454545454,1.0559488977732114,0.052984474808579,17.873453093812376,0.052984474808579,0.0569041336851363,0.0068425060281737,0.0063401582131223,0.1202462033080925,4802.513476617722
한화손해보험,13809.967861557478,0.0236228354075606,0.9648033126293996,1.0775335451039554,0.0719546462903623,12.897643189915046,0.0719546462903623,0.021887936373415,0.0066206556568893,0.0046783337441459,0.3024796647769288,5169.982341325949
하나금융지주,459349.8096415327,0.0151608564062324,0.3339789191403777,1.0760246529630093,0.0706532631512325,13.153665001845107,0.0706530641245922,0.7988589832068093,0.00921712273953,0.0071283381494463,0.0216292201360028,127202.91135060758
우리금융지주,338277.8491965389,0.0389336301305137,0.8528247096092925,1.0689645610669185,0.0645152922544841,14.50020103846767,0.0645152922544841,0.7890284697868556,0.0081838813964456,0.006277954103446,0.0221266910548434,85600.56705413543
메리츠금융지주,102704.19901112485,0.0482323924362839,0.4948665297741273,1.091597070298985,0.0839110627824393,10.917379745180364,0.0839110627824393,1.98718954248366,0.0218819981250967,0.016861938610938,0.0233143851889958,89715.54010711392
DGB금융지주,65450.66996291719,0.0314759471705389,0.4321179208688906,1.0795099693762276,0.0736537610877005,12.577039179428825,0.0736537610877005,0.8966774148324688,0.0087141759597699,0.0064465811468349,0.0249097851139617,12252.367460031646
BNK금융지주,100980.38566131024,0.0751907010533963,0.4827586206896552,1.0865895502350846,0.0796892904191383,11.548624696768137,0.0796900699213482,0.7572353603603603,0.0085121641319853,0.006502607434892,0.0276879184952489,21664.792028741773
KB금융,574924.4499381953,0.050063165742767,0.2471270906815337,1.0784498878252324,0.072743192531117,12.74699082078689,0.072743192531117,0.8742743690379925,0.0091845738442689,0.0066040484063914,0.0229115773891023,200974.05253144304
한국금융지주,248008.88009888757,0.0647440794499618,1.051860465116279,1.099561041972429,0.0905461708554474,10.044089336438658,0.0905461708554474,1.6300149476831092,0.0185405050916298,0.0215099114297764,0.0203872417920781,31867.50810865823
JB금융지주,65778.39307787392,0.0474772539288668,0.3444216990788127,1.08309358735524,0.0767187511082424,12.034344881780571,0.0767205242962216,0.7545272688987155,0.0125594904567022,0.009316329642738,0.0336834788529601,17509.036476810128
롯데지주,39769.08529048208,0.092256729689873,-1.6295521138551696,1.0449967155682067,0.0103152811729804,1.0688835117817497,0.4833524914792264,0.264768410764844,0.0108624177412796,0.0075494807222202,0.4981904336433774,30969.472355405065
롯데정보통신,4385.547589616811,0.0947616244849911,0.1605351170568562,1.318574514038877,0.1179842687641647,0.7315327793167128,0.5775229969337422,0.100752688172043,0.0533262231702439,0.0462604986001866,1.2398346887081722,4345.663147316455
삼성SDI,153586.32262051915,0.1999504196621454,0.9816164817749604,1.205422822815322,0.0636700060387408,0.6999216935255681,0.5882623910316956,0.3114172298792905,0.0413266649118189,0.0484028304662217,0.5246427078333308,495095.9116291139
SK증권,5087.1236093943135,0.433389544688027,2.365853658536585,1.1075494984963583,0.0971058166180117,9.298044286406984,0.0971058166180117,1.0,0.0079731299243494,0.0064977869855918,0.0533634679976143,3480.297590941519
NH투자증권,124480.61063040791,0.3924683205425665,0.6146645865834633,1.1319310036795205,0.116553927095077,7.579719490569079,0.116553927095077,1.0,0.0221020805575484,0.0159116531720815,0.0399815517064671,30511.165580601264
삼성전자,5097192.563658838,0.1807286102184479,0.511201235998455,2.788574623236484,0.3284546103194121,0.3992169233246714,0.7146852992772043,0.401243469353888,0.1210298503684298,0.0935431713191937,0.6553935903794749,3787940.3782765823
sk하이닉스,1293851.1297898642,0.3478765156549761,1.020677047216794,1.4479809712906364,0.0922669738911117,0.5492023778321978,0.6454941279652089,0.3634581304159747,0.1288090382110403,0.0998085036820227,0.4462829474864162,649037.1464470254
현대차 ,633998.6699629172,0.130897251475034,1.9580692091863243,0.7860270891003751,-0.0678984587922703,1.83173920727028,0.3531398645159746,0.2407784672469998,0.0285488470863411,0.0243350613644834,0.5027245557101969,393989.479188
기아,633910.7243510507,0.180744353798753,2.199986555525679,1.345550047679468,0.1311787584143605,0.9147814829030206,0.5222528047868362,0.2579785406742396,0.0757771129394166,0.0712086761406133,1.0450620792819745,324276.64013869624
현대모비스,299537.09517923364,0.1385799898980246,0.547252603313904,2.235905613356337,0.2755013839654251,0.4560588276886092,0.6867867722041471,0.1435703631942679,0.0396270577380663,0.0458893798863691,0.8100267081046958,206114.3763772152
LG에너지솔루션,105164.33621755254,11.218123331736363,-3.0582115980522357,1.643028772641089,0.3096856182224448,1.7182695827232797,0.3678826465130175,0.2403385634022148,0.0323386957637781,0.0391304530783829,0.7512129640928964,1307645.316455696
SK이노베이션,39158.154511742905,0.3561081218758954,-1.227558578282946,1.4802306992640777,0.1406663450728531,1.5251341695250424,0.3960185609416913,0.0892421894675733,0.0351539714481208,0.0098597433842837,0.9456755387537366,160266.23141554432
현대건설,52541.85784919653,0.0644986417927157,1.434782608695652,1.7718386735789162,0.3442071975271549,1.0825830125247895,0.4801729361979498,0.0837341894771802,0.0383708554638366,0.028231987085801,0.9199584464259344,42487.1578307595
셀트리온,77666.11619283065,0.0239576009950786,0.1333460148373597,2.263967235916853,0.2882747924781022,0.4008739877542959,0.713840080365168,0.5454209358825394,0.1311573641634796,0.1050034366683703,0.3336916867873319,236487.95188989874
유한양행,12980.970333745365,0.0419161676646706,-0.4795168067226891,2.7381391064025795,0.3063154476824417,0.2726897050467483,0.7857374786914523,0.3070268989216732,0.0197256270801201,0.0402224206510268,0.6850393700787402,41531.36132692405
CJ제일제당,81311.8170580964,0.0842829862614814,0.1347914547304171,0.9759597771573668,-0.0070859925975022,1.4850834659658734,0.4024009711123854,0.2199420294265325,0.0567624125887145,0.0332293210405201,0.9789021365961916,48446.84781911393
대한항공,96842.07663782447,0.1847841797516589,-3.516521739130434,0.954655937323013,-0.0144084223471143,2.884804171461031,0.2574132326530918,0.4270583799130512,0.0531645664538334,0.0217007412295337,0.3380636550077047,84811.93857665823
GS리테일,128658.8627935723,0.093474605914943,4.186407766990291,0.5760509926041261,-0.0921425549915397,1.1420804639362088,0.4668358714043993,0.2267225277843705,0.0232127749576988,0.084739847715736,1.0248202199661591,29315.715986734176
LG이노텍,126750.739184178,0.566329204133392,2.762388818297332,1.2426064102951395,0.1037409254140078,1.3357974775209704,0.428113777869636,0.1425503158120115,0.1633037951791665,0.1147466866458263,1.9306068669749656,64200.7725329114
한국전력,-628342.3868974042,0.0359283788605976,-3.4925209080047788,0.6949029692236908,-0.0458565286606856,2.231813332067899,0.3094238117274375,-0.0489619867619524,-0.0276922960330839,-0.0247040005456516,0.2873841259886976,118617.89656173039
농심,12772.754017305317,0.0087885445867111,-0.3315436241610738,1.9602595296025955,0.2041449705162247,0.3176572155579789,0.7589227214731542,0.3378144949305294,0.0365874685333977,0.0343460119314459,0.9183075278457878,22745.231306582282
해태제과식품,-48.00370828182941,0.0067387834722468,-1.010909090909091,0.4803813714704804,-0.2163689112841655,1.520785219399538,0.396701786532295,0.3345076624977981,0.0397007176668193,-0.0004580852038479,0.8668499007482058,1818.1796785848103
SK텔레콤,195087.58838071692,0.0410810743611579,0.6121292902365878,0.8971851115391786,-0.0267636754196685,1.5059545524559996,0.3990482444931141,1.0332206871022056,0.0448767926292326,0.0782561716912585,0.5418277458405178,104156.2664246076
KT&G,121589.01359703338,0.0342412913180226,-0.1705360191191532,3.031106158244101,0.3602210134653227,0.2637014192791755,0.7913261667225215,0.5504934588019279,0.1150094953296727,0.0835073427685116,0.4492794720424841,118874.44784549368
하이브,23739.52657601978,0.577169408514379,0.616532721010333,2.490641553855209,0.2677789760832328,0.6382249012679276,0.6104167988327095,0.6709132892746238,0.0402207701579648,0.0297743661316585,0.2655797331303263,91673.22283807593
아진산업,302.65760197775035,0.0875879282958929,-2.8461538461538463,0.88023598820059,-0.034273172378862,1.8544578313253013,0.3503292250548708,0.1447944919674525,0.0234678372446395,0.0040520006753334,0.8092183015363836,1392.7387546265822
LX세미콘,44011.55377008654,0.6342198123762802,3.088275862068965,2.8358085808580857,0.5692963752665245,0.4650755966512557,0.6825586353944563,0.3467979776701074,0.3152238805970149,0.2527931769722814,1.6194456289978678,16171.449375949367
포스코퓨쳐엠,23390.922126081583,0.2702719959136764,3.505050505050505,2.109650031062332,0.2732186105799872,0.608636811023622,0.6216443594646271,0.1682834883136466,0.0310261312938177,0.0341108986615678,0.507202039515615,217838.34120506328
에스엘,12307.705809641531,0.1980439121756487,0.4984423676012461,1.7821925431274346,0.2737293086660175,0.6908133026012513,0.5914313534566699,0.0955316383992536,0.0430379746835443,0.0374683544303797,1.1688802336903603,13683.498809620254
LIG넥스원,13803.5587144623,0.1386615009685683,0.8151986183074266,0.9597262437483548,-0.0296879850977957,2.375867941831521,0.2962201179757839,0.1791790143782241,0.0377212045948463,0.040787022663769,0.7071561626823968,16721.67088607595
한화에어로스페이스,32891.88133498146,0.0413425038523696,0.8324225865209471,1.0385726895684453,0.0288797552010719,1.8095177535863265,0.3559361929421137,0.2434944237918215,0.0250864582013072,0.0273226022560611,0.5016748447373662,50067.942911392405
롯데하이마트,-6912.044499381955,-0.0449194165412049,-3.0034843205574915,1.1864141765114662,0.0364532019704433,0.6108131771916384,0.6208255478172244,0.2410264361578417,0.0362833361644301,-0.0195345676915236,1.3146594190589431,2956.1337900962026
아모레퍼시픽,24717.18170580964,0.0972203420423266,7.260273972602739,1.743844492440605,0.1407621756829663,0.2892734439221803,0.7756306505141661,0.7198083526968395,0.0561413834257034,0.0295747707096964,0.7950528879951608,77730.21297896202
현대글로비스,103354.78986402968,0.3183857045139498,0.2921960072595281,1.7672330712655338,0.248560090050859,1.0939543045901865,0.4775653402788619,0.0684906977171297,0.0925321874306748,0.0643502123918526,1.7894814680919242,60593.354430379746
하이트진로,8940.682323856614,-0.0236670655497939,-0.1709006928406466,0.6856678583035424,-0.1331827820770565,2.321533113794365,0.3010657927349839,0.4826365245812338,0.0479469031422984,0.0197736223183057,0.6066756630222246,16329.14650542405
에코프로,46226.650185414095,0.7679830747531735,4.056261343012705,1.5185096269265856,0.3175802846723914,1.003889445459367,0.4990295259381249,0.528586624119133,0.0252911422185625,0.0819315374661804,0.4423597223856017,118243.69887443037
삼천당제약,-1975.5723114956736,0.0023966446974236,-2.3866666666666667,3.1277777777777778,0.3341087525443443,0.3739512584898122,0.7278278569351556,0.4967124925283921,-0.0444896772317534,-0.0302413492294271,0.4864786275079965,15037.651787227847
테스,10148.351050679852,0.5252032520325203,1.4666666666666666,5.203517587939698,0.4965865241911546,0.1424211597151576,0.8753339269813001,0.2470682302771855,0.184624517661027,0.2196497476996141,1.1136835856337193,3996.5097204278477
SK바이오팜,8647.898640296662,15.1,-1.2619240097008892,2.991416309012876,0.5045828802237067,0.4491220171094102,0.6900730153798353,0.4978499761108457,0.1475842783905546,0.1006680130495572,0.6503029361503806,52759.33913291139
인텍플러스,3490.0667490729293,1.126110124333925,1.4565217391304348,1.7230769230769232,0.3500931098696462,1.1141732283464567,0.4729981378026071,0.4561403508771929,0.2560521415270018,0.2104283054003724,1.1145251396648044,2360.1677923924053
범한퓨얼셀,2211.1545117428923,0.445141065830721,-0.0571428571428571,6.105882352941176,1.541740674955595,1.2701612903225807,0.4404973357015986,0.1106290672451193,0.1101243339253996,0.0586145648312611,0.8188277087033747,2484.464341772152
디와이피엔에프,605.8220024721878,-0.5308525671219971,-0.823076923076923,1.208469055374593,0.0756948551153163,0.7596253902185224,0.5683027794204613,0.0251004016064257,0.0224719101123595,0.0272028385570668,0.5890005913660555,4629.832016772152
신흥에스이씨,4553.655129789864,0.3077472331310246,0.4590163934426229,1.2213781877373846,0.0753601773180642,0.864967275232518,0.5362024381233839,0.1758121758121758,0.0574436645733284,0.0493165866272626,0.6765792390099742,3864.8105486202535
이오테크닉스,9633.048207663782,0.2023992617656105,2.351851851851852,4.593556381660471,0.5123674911660777,0.1676980198019802,0.8565371024734982,0.3343566129444871,0.1379858657243816,0.1279151943462897,0.6906360424028268,10021.252178481012
SKC,28694.58590852905,-0.081795693256012,3.650815217391304,1.058139534883721,0.0161809679455025,1.7077637574483,0.369314412388149,0.2625651444218708,0.0649665863011925,0.055387453277455,0.3663694762220676,38447.347417518984
한국항공우주,8127.925834363411,-0.0930232558139534,-0.2627939142461964,1.3145959072890254,0.1504474655007514,3.5130260521042085,0.2215808170515097,0.1198142294032705,0.0099569613335155,0.0091030195381882,0.4376110124333925,47933.07540172152
한미글로벌,1889.6217552533992,0.1612209802235597,0.5384615384615384,1.3533464566929134,0.125832457062741,0.9791811242192922,0.5050823694356817,0.3313587560162903,0.0686996144409393,0.0560813179109709,0.9467227479845776,3314.797578164557
씨에스윈드,11196.843016069222,0.2331028789598596,0.925595238095238,1.8734066701588965,0.2824233527186494,0.8765628311082857,0.5328891649257523,0.1434309623430962,0.05708316865225,0.0365309694540116,0.674721924227881,30743.48660222785
SK오션플랜트,-5676.741656365884,0.1776685393258427,-8.114754098360656,0.6077047196450182,-0.2630511225317825,3.1054969461410327,0.2435758723289153,0.0862651560325978,0.0357046253719231,-0.117392480389505,0.6804165539626724,10655.02134484557
HD한국조선해양,-109043.96786155748,0.0395673557572951,0.3663793103448275,1.290231692730253,0.1200193455488749,1.198609611883549,0.454832906485522,-0.0333496843817367,-0.0507380986403156,-0.0418127658638996,0.5676672858707879,58079.644093620256
피엔티,7718.195302843015,-0.0317867213534991,0.5319767441860465,1.131520395550062,0.1845940319222762,2.24366910523354,0.3082928521859819,0.2851469420174742,0.0943789035392088,0.0914295628036086,0.6552741151977793,11341.956605050633
삼성물산,202953.8936959209,0.1402927578343995,0.5758593951925562,1.2375741771966808,0.070583252180272,0.6564145308883319,0.6037136123550558,0.1752768812835217,0.0216488612626571,0.0331086389093028,0.6236754553320276,204691.167178481
해성디에스,9854.86650185414,0.4288205798997166,1.37,1.6537467700258397,0.2130974942093072,0.6136595310907238,0.6197094125078964,0.2070491303021056,0.1817224678879764,0.1497157296272899,1.3800800168456515,7801.816455696202
비에이치,11372.5587144623,0.4374826725810923,2.1544401544401546,1.3593539703903097,0.1682631711620872,0.9446078431372548,0.5142425006301992,0.096914175506268,0.0896143181245273,0.1029745399546256,1.3070330224350897,8093.239582512658
심텍,16470.71569839308,0.1368403529215914,1.0938053097345133,0.7166666666666667,-0.1130160951714485,1.2488853920797272,0.4447165850244926,0.2080099575340459,0.2032890132960112,0.1379752740844413,1.5929554466993234,9321.570606
JYP Ent.,9580.516687268231,0.342797783933518,1.2804054054054057,2.3382642998027614,0.427536231884058,0.266560255387071,0.7895400126023945,0.8076328004125838,0.1824196597353497,0.2126654064272211,0.6109010712035287,29332.1617755443
한화솔루션,88654.04944375771,0.1664165307232191,1.0427577063307922,1.2592054050084454,0.0882064815370159,1.4395820123884309,0.4099042363901717,0.2611979263789952,0.0369009776285011,0.0308032947479957,0.5360562986065295,88911.17490196251
HL만도,22492.453646477134,0.1049519187561786,11.848920863309353,1.382560105184072,0.1428195778697146,1.7903927994912685,0.3583724843980085,0.1466148290334125,0.0407229507047191,0.0313091648551994,1.0776593506766707,21937.593751898734
현대위아,7873.918417799752,0.1419101362215952,0.0446927374301676,1.954804119832573,0.2619781921414285,1.0971233729331853,0.4768436673333763,0.0660228223760245,0.0132524679011549,0.0072391767210787,0.9713787986321698,15565.226239594936
두산퓨얼셀,1082.5191594561184,-0.1741013425725422,-0.3873239436619718,2.1608570514870484,0.5193876091000144,0.3487070629100733,0.7414508513378165,0.1171997902464604,0.0257547574760337,0.0124481327800829,0.5457146945199599,21645.261925746832
일진하이솔루스,1887.2484548825712,0.0370044052863436,-0.4230769230769231,12.39662447257384,0.7863173216885008,0.1184895833333333,0.8943231441048035,0.1996601529311809,0.0285298398835516,0.0262008733624454,0.3426491994177583,11266.971603607595
초록뱀미디어,-3998.368355995056,2.1927194860813706,-0.2603550295857988,1.2475806451612903,0.0557168784029038,0.4883846569421934,0.6718693284936479,0.2226693494299128,0.007622504537205,-0.0453720508166969,0.2705989110707804,2108.7431151265823
나스미디어,3413.695920889988,0.1129032258064516,0.1731601731601731,1.6464199517296862,0.3276916802610114,1.2110009017132553,0.4522838499184339,1.0,0.0670880913539967,0.0552610114192495,0.2532626427406199,2715.4285804518986
나이스정보통신,5275.95673671199,0.291161178509532,2.046153846153846,1.2668024439918533,0.1755604288499025,1.955707598127476,0.3383284600389863,0.1821029082774049,0.0570175438596491,0.0482456140350877,0.8168859649122807,2591.1392405063293
덴티스,80.98887515451176,0.4068522483940043,-1.0073529411764706,0.9389952153110048,-0.0440034512510785,2.588235294117647,0.2786885245901639,0.6925418569254186,0.0043140638481449,0.0008628127696289,0.5668679896462467,1378.0067443037974
인크로스,2898.0593325092705,0.3147208121827411,0.7154471544715447,1.5825825825825826,0.3368055555555556,1.4774193548387098,0.4036458333333333,0.5501930501930502,0.0928819444444444,0.0915798611111111,0.2248263888888889,2193.069571336709
더블유게임즈,17187.330037082822,-0.0518079611060467,0.2524038461538461,5.1502439024390245,0.3078370359649757,0.1663571910871033,0.8573702872856213,1.0,0.1377813155799985,0.1131051450900933,0.451624574860699,8333.3239393481
대아티아이,630.778739184178,0.0255731922398589,-0.273972602739726,1.736176935229068,0.2409513960703205,0.8427073403241182,0.5423991726990692,0.1831470335339639,0.0496380558428128,0.0274043433298862,0.6013443640124095,2273.8368899259494
디아이씨,5176.5018541409145,0.1959870287798946,-1.2476910159529806,0.6138500343957808,-0.2677691206869136,3.7456603773584902,0.2106853235808554,0.1237078461277749,0.0434091270472253,0.0469072984576244,0.9383049769438704,1729.5567997658227
인터로조,2674.567367119901,0.3242630385487528,0.6521739130434783,3.3385416666666665,0.3872358775334196,0.3070422535211267,0.7654161276412247,0.4863013698630137,0.1216041397153945,0.081931867184131,0.5036653730056059,4279.796711341772
CJ CGV,-43450.51668726824,0.2620843332190606,-0.5492283129324108,0.5511868238333603,-0.14684982168802,11.56388981081978,0.0795931845198784,1.740187423604509,-0.0637696473385285,-0.0894994056267335,0.1945053493593977,7724.748579516455
SBS,18854.89740420272,0.2193420899686156,-3.5051903114186853,2.556209150326797,0.3256736424565722,1.026330376940133,0.4935029407741759,0.3521448999046711,0.117836137327315,0.099028860620982,0.7174121187252086,6935.519069316455
동아쏘시오홀딩스,7755.006180469716,0.1258776969232733,-0.6274630541871922,0.5975975975975976,-0.1346813290765046,0.7170558375634518,0.5823578100981436,0.3338246966776279,0.0364195341137519,0.035769185290292,0.5214023885538607,5683.964820734177
컬러레이,3604.770086526576,-0.1736770691994572,0.1855203619909502,8.06060606060606,0.6510978043912176,0.1020677518697756,0.9073852295409182,0.6403940886699507,0.1261477045908183,0.1045908183632734,0.2431137724550898,715.8805414651899
파라다이스,-6728.889987639061,-0.0868032606300947,-0.5290593169562612,1.4446513552658804,0.0618987268851892,1.2925250924458531,0.436200241949421,-0.0004825090470446,-0.0158995333832594,-0.0226395529696411,0.119390517886975,14868.63012676962
강원랜드,-1326.852904820771,0.6473046385290431,-0.9615802827111272,3.269534333070245,0.300525174404933,0.1766170683718642,0.849894181276618,0.078259766615931,-0.0137694980795861,-0.0027695764638256,0.2059937815169963,42300.3698221519
제주맥주,-1243.9245982694686,0.3333333333333333,-0.2264150943396226,1.832,0.2241379310344827,0.6,0.625,0.3819444444444444,-0.0775862068965517,-0.0883620689655172,0.3103448275862069,919.707418828481
롯데칠성,17564.810877626704,0.1098759964570416,-9.160714285714286,0.8834228304174606,-0.037422153024911,1.4890319009065116,0.4017737989323843,0.4580822792386577,0.0506561387900355,0.0381172153024911,0.6967582295373665,14791.480729822786
신세계 I&C,5464.524103831891,0.0953570684988548,-0.4396551724137931,2.5601719197707737,0.3075402428692459,0.2815779949330438,0.7802880542219712,0.132674396502566,0.1002541654899745,0.1101383789889861,1.485738491951426,2688.795443037975
케이엠더블유,-464.46229913473417,-0.3937961595273264,-1.1390977443609025,2.238625812441968,0.3640829694323144,0.4626746506986028,0.68367903930131,0.2446393762183235,-0.0761462882096069,-0.0100982532751091,0.5600436681222707,8956.875928863292
LG전자,134607.4066749073,0.2730050518534084,-0.3143715476305843,1.1637559854190749,0.0723222048745828,1.66103094835307,0.3757934986864616,0.255685446771662,0.0758767050288417,0.0264577470714172,1.3819358095790133,183341.4819455443
티에스이,6098.955500618047,0.0777583187390543,0.4693877551020408,2.5423280423280423,0.3136094674556213,0.3760177646188009,0.7267348036578806,0.3178420539486513,0.1468531468531468,0.1161915008068854,0.8275954814416353,4345.251352803797
에스티아이,3040.1977750309024,0.1872909698996655,1.1682242990654206,2.0707070707070705,0.3461995249406175,0.725922131147541,0.5795724465558195,0.2428794992175273,0.0760095011876484,0.0688836104513064,0.9486342042755344,1964.603189873418
제이티,2031.477132262052,0.4708520179372197,1.6730769230769231,2.123076923076923,0.3816993464052287,0.6616052060737527,0.6026143790849673,0.25,0.1464052287581699,0.1816993464052287,0.857516339869281,847.778477263291
프로텍,6397.194066749073,1.0115606936416186,3.2432432432432434,5.332326283987915,0.5021008403361344,0.1377937076861808,0.8792016806722689,0.3925287356321839,0.1761204481792717,0.1649159663865546,0.6092436974789915,2925.512658227848
넷마블,30710.88504326329,0.0088940759819703,-0.2627218934911242,0.642170015051371,-0.1025525610007689,0.7750220550293789,0.5633732815694218,1.0,0.0141600555149196,0.0233687803597216,0.2350850541082916,54211.63532470887
SFA반도체,7122.2484548825705,0.118652940150061,2.1306818181818183,3.048206278026906,0.2813366184170003,0.5247710730218361,0.6558361564521097,0.1246295429730151,0.1024022174314752,0.0848475515860794,0.9872189713581768,8196.57659496076
엑시콘,4834.857849196539,-0.0178041543026706,1.786885245901639,2.909090909090909,0.2052117263843648,0.1577358490566037,0.8631921824104235,0.3519637462235649,0.0410423452768729,0.2214983713355048,0.4312703583061889,1058.9524484354429
피에스케이홀딩스,6453.819530284301,1.050251256281407,-0.2128378378378378,5.456896551724138,0.3381294964028777,0.2159045725646123,0.8224329627207325,0.6090686274509803,0.0739045127534336,0.1523871811641595,0.2668410725964683,1992.1469446329113
넥센타이어,611.4548825710735,0.224545079795065,-1.2771084337349397,1.00726409163931,0.0027200920646544,1.389774360897556,0.4184495475231469,0.2075117822448783,0.0011508081811999,0.0012031176439817,0.5438614845425538,7783.017124883545
코미코,6610.605686032139,0.2798804780876494,0.9423868312757202,1.6519208381839348,0.1488965700611539,0.6941441441441442,0.5902685455995745,0.4922178988326848,0.1563413985642116,0.1254985376229726,0.6833289018877958,4544.145873398734
아프리카tv,10322.707045735477,0.3850457782299084,0.953168044077135,1.6184074457083764,0.2929936305732484,0.948901623686724,0.512983831455169,1.0,0.2175404213620774,0.1736893679568839,0.6670749632533072,9466.740893088609
코오롱글로벌,19140.678615574783,-0.3050761162873581,0.7018633540372671,0.8195630864024647,-0.1000504717164266,3.199217476361265,0.2381488527390612,0.1219136933108652,0.0725627984625538,0.0531894242341887,1.0598283961641497,2901.066802627848
씨에스베어링,-146.22496909765152,-0.0763285024154589,-1.1929824561403508,0.7918994413407822,-0.1093979441997063,1.4408602150537635,0.4096916299559471,0.1182008368200836,0.0036710719530102,-0.0080763582966226,0.7019089574155654,2932.4392405063295
상아프론테크,1259.3028430160691,0.1643835616438356,3.0434782608695654,1.7087682672233822,0.2124530663329161,0.7599118942731278,0.5682102628285357,0.2128851540616246,0.0375469336670838,0.0290988735919899,0.5585106382978723,5071.965407848101
OCI,90851.17676143386,0.6199750312109863,-3.59593949044586,2.700363930448848,0.3685945197314212,0.8260131890646009,0.5476411703862134,0.2793156596794081,0.1097456215704493,0.11432127767746,0.5687137322276958,17222.470841974686
효성첨단소재,40831.59456118664,0.5024638770567109,47.52941176470589,0.8192615384615385,-0.1009729432392477,3.03090354767184,0.2480833361983016,0.1450886652954583,0.1503420772166259,0.1134527452126379,1.2369099597758448,18760.207561518986
효성티앤씨,133832.521631644,0.6653750774953503,4.98871063576946,0.9808237986270024,-0.0092566000220921,1.5666250850533,0.3896167016458632,0.0502675663099115,0.3145255716337126,0.2226665193858389,1.8990389925991384,18411.273966835444
삼성바이오로직스,50651.33621755254,0.3461538461538461,0.6331950207468879,1.5443501135955997,0.2855959849435383,0.596842379435395,0.6262358845671268,0.9364795918367348,0.0674153074027603,0.0493851944792973,0.1967377666248431,564139.5389873417
코오롱인더,24701.359703337454,0.1742437599173866,-0.008272506082725,0.991399390790181,-0.0034277756949279,1.196071512585274,0.4553585774730866,0.2792518392998863,0.0451145269848071,0.0363844107617874,0.8323246389231072,12102.129867367088
크래프톤,101731.35475896168,0.1287116858237547,-0.065432320690275,5.725007834534629,0.5273881562838854,0.2407881602361008,0.8059393473014096,1.0,0.11378502221134,0.0909265801532057,0.3297422085417468,89809.44021683543
한국카본,1793.5352286773796,-0.106631042020889,-0.7508710801393729,2.6361702127659576,0.3085874799357945,0.2812339331619537,0.7804975922953451,0.16557911908646,0.0656099518459069,0.0286918138041733,0.7379614767255217,5075.241572386076
현대미포조선,-19015.9542645241,0.0340974212034383,12.016260162601624,1.090192469288944,0.0581182476858417,0.7594247606950052,0.5683675837351417,0.0044679966749792,-0.056029703736173,-0.0412809736224634,0.7444498878374546,28555.60295406329
다우데이타,20040.939431396782,0.2917607334262549,0.3705167173252279,1.7280718449438104,0.3499760645936832,8.656387393680404,0.1035583970724338,0.3148888314767252,0.0279884684531344,0.0191866217035626,0.1399976596491601,15269.531265822785
db하이텍,45597.571075401735,0.2978950742600705,0.9090361445783132,3.283135509396637,0.595715852635654,0.4013199529879758,0.7136589457384347,0.768255536346423,0.2575004839021872,0.2044648041809149,0.7837279824504807,25213.620920734178
한미반도체,14827.950556242276,0.4498834498834498,1.083832335329341,3.0954151177199503,0.3938970416957838,0.2378892733564014,0.8078266946191475,0.4828510182207931,0.2851153039832285,0.2431865828092243,0.8693221523410203,18180.0244702481
삼성엔지니어링,51158.88875154512,0.1092722100397084,0.3927013090043633,1.1530874451683235,0.097347615825177,2.090385105840346,0.3235842672520507,0.1150440113801808,0.0830706257117863,0.0579497251885718,1.2356941258025649,56459.16455696203
HD현대건설기계,14628.138442521633,0.373896674335913,13.870588235294118,1.7111450826235717,0.2744409484211709,1.2997803333764053,0.4348241375435442,0.1832962884023992,0.0451455219687605,0.0355096078211034,0.9226598494212832,11135.187456151896
덕산네오룩스,6924.894932014833,0.3273231622746186,0.4054054054054054,11.685185185185183,0.5141075141075141,0.1727621037965865,0.8526878526878527,0.3124346917450366,0.1514701514701514,0.138996138996139,0.5684585684585685,10656.504775018986
SK바이오사이언스,75373.92336217553,3.11790780141844,9.793313069908814,3.995217391304348,0.6529548362636842,0.3177418347592581,0.7588739870148334,0.6138858988159311,0.2247286858442727,0.1682858632292308,0.440263494621108,56861.98788782278
셀트리온제약,4485.48825710754,0.706763698630137,0.6555023923444976,1.4712264150943395,0.1566076187490202,0.9213855421686749,0.5204577519987459,0.2829194883370955,0.0749333751371688,0.0542404765637247,0.6250195955478915,31071.63745944304
셀트리온헬스케어,19678.427688504325,0.1086876382403538,-0.3652246256239601,1.904628268519756,0.5187626127161724,0.8590084528445247,0.5379211689273763,0.3113327791632031,0.0509362147801875,0.0389812757043962,0.4609548624415664,106721.99096392404
동진쎄미켐,14310.417799752784,0.2383237364043506,0.2063305978898007,1.5046871593634183,0.1951610183780138,1.1144385026737968,0.4729387961557916,0.2068371652458451,0.1111111111111111,0.0867475973697521,0.9790085988872028,16972.314959227846
카카오,211042.32385661316,0.4763038876058506,8.49365628604383,1.648045048873778,0.1338785580080422,0.6762030905077263,0.5965864194279091,1.1580817051509769,0.0261154717378707,0.0722664138088465,0.2693945459972958,268170.0846497089
삼성전기,118681.18788627935,0.2478557517444185,0.4674575184353959,1.9358837273771337,0.2377129981692719,0.4468280188033939,0.6911601987647615,0.2339121447028423,0.149566459452391,0.0920795863761643,0.973202969400688,110027.59616729114
덕산하이메탈,4305.648949320149,0.6793478260869565,1.0718954248366013,2.239263803680981,0.1872103799814643,0.1879588839941262,0.8415199258572753,0.1779935275080906,0.0185356811862835,0.0979301822675316,0.2863762743280815,2708.5054407392404
유니테스트,-731.184177997528,-0.0720647773279352,-6.5,4.965957446808511,0.4526469159786304,0.3431180691454664,0.7445361826129189,0.2225130890052356,-0.0441962117532782,-0.0320543953375424,0.5565808644973288,2703.964285379747
유니셈,5227.601977750309,0.3765690376569037,0.8634146341463415,3.696465696465697,0.5568913696865607,0.2726775956284153,0.785744954916273,0.2242485646740966,0.1876341777586947,0.1640188922284242,1.2713610991841993,2290.268118850633
넥스틴,2628.865265760198,0.1558704453441295,0.2312925170068027,6.273684210526316,0.6592105263157895,0.1585365853658536,0.8631578947368421,0.6129597197898424,0.2907894736842105,0.2381578947368421,0.7513157894736842,6226.162077037975
제우스,2018.1334981458592,0.1133333333333333,-0.0994475138121546,1.4481693868548742,0.1918066830281291,1.116260487415102,0.4725316216726449,0.2786926147704591,0.047007740230319,0.0307721351708514,0.7566547102133283,3046.652455696202
유진테크,8293.461063040791,0.6021717670286278,5.383838383838384,3.831185567010309,0.5737790545834421,0.2323785001609269,0.8114390180203709,0.4673444239063463,0.1930007834943849,0.1650561504309219,0.8477409245233742,6509.316233924052
한솔아이원스,4027.88133498146,0.1189336978810663,6.45945945945946,0.6258064516129033,-0.1940881204684885,1.206896551724138,0.45287228109314,0.354306658521686,0.2147239263803681,0.1539319576129392,0.912994980479643,2307.601041508861
티씨케이,11267.707045735477,0.1866783523225241,0.3537190082644628,5.633196721311475,0.5801898896587119,0.1478645066273932,0.8711829612522454,0.4582717872968981,0.2653323069027457,0.2101616628175519,0.6948935078265333,11894.164873417722
하나머티리얼즈,9517.577255871443,0.3507722969606378,0.7506561679790026,1.0784671532846717,0.0193824656299301,0.7264591439688716,0.5792201938246563,0.3994835853928439,0.1854856885282848,0.1503267973856209,0.6109984223574487,8020.085711696203
에이프로,-155.13473423980236,0.2551020408163265,-2.4444444444444446,1.8108108108108107,0.3296703296703296,0.688026981450253,0.5924075924075924,0.1089430894308943,-0.0479520479520479,-0.0129870129870129,0.6143856143856143,2116.073159726582
테크윙,2303.5550061804697,0.121384750219106,-0.4802431610942249,1.562287270251872,0.1623427672955975,1.2078993055555556,0.4528301886792453,0.3399765533411489,0.0711477987421383,0.0336084905660377,0.5029481132075472,2509.1247159113923
원익머트리얼즈,7007.088998763906,0.1224710982658959,0.595166163141994,1.997093023255814,0.1481961546770361,0.1802192199847055,0.8474832577230503,0.3047956227872546,0.1090948368978181,0.1140635126377187,0.6712032836465759,3486.83017721519
엘오티베큠,2706.101359703337,0.5163551401869159,4.175,2.45648604269294,0.3362395754359363,0.3640124095139607,0.733131159969674,0.3724961479198767,0.1000758150113722,0.0784685367702805,0.9840788476118272,2476.496360822785
원익홀딩스,14342.954264524102,0.0339009287925696,0.4747162022703818,0.983625730994152,-0.0042960159566306,0.4684941794968081,0.680969672173068,0.269501422368618,0.0462844576279854,0.0730834143098245,0.3415844115992431,2756.9559585170887
원익QnC,8185.048207663783,0.1874048706240487,3.032258064516129,1.4007981755986316,0.0853569694026226,1.1685097419694577,0.4611461874696455,0.291459701970838,0.1053909664885866,0.0758863525983487,0.7577707625060709,6464.019544303797
GST,5305.782447466008,0.8244457759137208,1.5161290322580645,4.141203703703703,0.6580989330746848,0.3626155878467635,0.7342386032977691,0.3937602627257799,0.2250242483026188,0.1891367604267701,1.476721629485936,2279.6040061708864
LB세미콘,4566.348578491965,0.1205962059620596,0.2120253164556962,1.0634847080630214,0.0195630444095387,1.0879546809779368,0.4789375981722119,0.1479242241031842,0.0631158075110666,0.0546908467799514,0.7085534770812509,3418.4681645164555
두산테스나,6292.410383189122,0.5667924528301886,0.2688172043010752,0.4937185929648241,-0.1510777881911902,1.033155487804878,0.491846298031865,0.2779383429672447,0.1014058106841612,0.0884723523898781,0.38912839737582,5183.787638506329
솔브레인,20634.185414091477,1.1780472239948947,1.345146379044684,2.533795493934142,0.3199180624171587,0.2726157620361852,0.7858778166044101,0.2494384217208712,0.2274972888299795,0.1833955898301,1.2337631039884325,17622.39050443038
원익IPS,19624.00494437577,0.1296177468145568,0.483640081799591,1.877573734001113,0.2701267557382665,0.4575530586766542,0.6860226104830421,0.3826990180962428,0.1405447070914696,0.1242720109626584,1.0554128126070572,15513.61929201266
어보브반도체,1777.1915945611868,0.1615811373092926,-0.0214285714285714,2.868292682926829,0.285820895522388,0.1985688729874776,0.8343283582089552,0.2561194029850746,0.1313432835820895,0.1022388059701492,1.25,1846.6324818202534
네패스,-4506.323856613102,0.2176949941792782,-0.5342902711323764,1.1342685370741483,0.0363833831115938,3.140929535232384,0.2414698162729658,0.2203632887189292,-0.01484297221468,-0.0264277310163815,0.3786768033306181,4428.271638762025
앨앤에프,-21372.34610630408,1.72620050547599,6.486666666666666,1.7884271844660191,0.6625114214854457,1.4121536523929472,0.4145672888656833,0.3619695096827359,0.0289126745855632,-0.0732933037462472,0.6335987468998825,94393.1481964557
SK아이이테크놀로지,15258.632880098889,0.286597059450245,0.0816326530612244,2.473852295409181,0.2318731355000785,0.4369190506271997,0.6959334275396452,0.3179860881086452,0.0280106767153399,0.0299576071596796,0.1896059035955409,53264.716230987346
켐트로스,593.5105067985168,0.1103448275862069,1.9333333333333331,3.050314465408805,0.3424369747899159,0.7327272727272728,0.5777310924369747,0.1490683229813664,0.0399159663865546,0.0462184873949579,0.5073529411764706,2600.1927277405066
코윈테크,707.184177997528,1.343612334801762,1.96,1.7165300546448088,0.5627682403433476,0.5769881556683587,0.6341201716738197,0.3167293233082707,0.0354077253218884,0.0396995708154506,0.5708154506437768,2925.1463197215194
하나기술,-397.6427688504325,0.2840909090909091,-0.9049180327868852,1.766712141882674,0.2971972501322051,1.7686676427525625,0.3611845584346906,0.0504424778761061,-0.0264410364886303,-0.0153358011634056,0.597567424643046,4934.303106835443
이녹스첨단소재,11970.170580964152,0.4490038655961939,2.1825396825396823,3.468869123252859,0.4312028406569019,0.4601425793907971,0.6848646249445184,0.3135645392981736,0.2146027518863737,0.1779849090102086,1.0814469596094096,7867.650780835442
동화기업,5180.509270704573,0.2517116391461941,0.3895781637717121,0.8797284190106692,-0.0350104466655373,1.2017903767251026,0.4541758427918008,0.2517160017160017,0.0592354170195945,0.0316223389237111,0.52651194307979,10727.269037183545
LG화학,495283.6662546354,0.4171942419715957,4.794109026963658,1.8028627670174244,0.2584281308606774,1.2031581214993536,0.4538938854372615,0.2344287347444676,0.0982960890030957,0.0773223194153549,0.8330703056401351,503868.4857068354
솔루스첨단소재,1490.948084054388,0.3104755341144039,-1.018181818181818,1.2035062781331438,0.0849149861605377,0.9371888165453848,0.5162119414788454,0.1193794372863528,0.0049426650850138,0.0001977066034005,0.3759391063661526,15059.81375920886
대덕전자,8049.622991347343,0.6384023571779341,-8.241379310344827,1.879622641509434,0.2477151965993624,0.3799677372048687,0.7246546227417641,0.2966330302727545,0.0770456960680127,0.0669500531349628,1.0636556854410202,10949.977390094937
삼화콘덴서,3777.2002472187887,0.0812371134020618,0.2170212765957447,2.806451612903226,0.3535090976606015,0.3272548053228191,0.753434831043446,0.2242562929061785,0.123282584478277,0.1062012625324916,0.973635350909766,4656.828417721519
알에프세미,-1090.865265760198,0.0855457227138643,-0.5467980295566502,1.1815718157181572,0.0768348623853211,1.527536231884058,0.3956422018348624,-0.0570652173913043,-0.1261467889908256,-0.1055045871559633,0.4220183486238532,1250.279821633544
코스모신소재,2391.678615574784,0.4973078805677924,0.5384615384615384,1.3846153846153846,0.1664275466284074,0.6962025316455697,0.5893830703012912,0.1784897025171624,0.0625538020086083,0.0516499282639885,0.8777618364418939,40221.93954131645
대주전자재료,3410.477132262052,0.286084142394822,3.339622641509434,0.6530612244897959,-0.227882037533512,1.262319939347991,0.442024128686327,0.1841972823351786,0.0589812332439678,0.0770777479892761,0.6658847184986595,15109.842595493672
코리아써키트,7535.763906056861,0.5787606695488305,-7.11864406779661,1.8678045515394912,0.2435656584632725,0.6328220858895706,0.6124365959045651,0.112765061086926,0.0799361262445989,0.0678188991170392,1.3377794476798797,3551.992856388608
대우조선해양,-153121.30531520396,-0.3618104748086825,-20.628175519630485,0.7329585382993675,-0.2682807440319301,3.79040404040404,0.2087506589351608,-0.3002050550528239,-0.1651762180887115,-0.1600082837563069,0.422339784622336,53866.34907888609
대양전기공업,1112.4833127317677,-0.2780126849894291,-0.3623188405797101,3.573208722741433,0.3176923076923077,0.1468901632112924,0.8719230769230769,0.1383601756954612,0.028076923076923,0.0338461538461538,0.5253846153846153,1093.3766142265822
세진중공업,2081.644004944376,-0.1232492997198879,3.272727272727273,0.8264291632145816,-0.0734572230014025,1.807086614173228,0.3562412342215988,0.0890575079872204,0.0064866760168302,0.024719495091164,0.4389901823281907,3455.0076980658228
HMM,1134566.0395550062,1.1508583724447632,42.041935483870965,6.959791402670826,0.6840586033866447,0.7257754650859697,0.5794496562449304,0.7572875359755258,0.4127018756887688,0.2985662420774106,0.771650415918461,101210.1284025519
팬오션,76293.06304079111,0.8485103315713599,5.056229327453142,1.4951092272579067,0.0936074466773517,0.8040202402135231,0.5543089631364814,0.1949481163752951,0.0882905930218222,0.0846535568980397,0.7113950191098508,30981.34823660759
한국철강,12239.013597033376,0.3999052731291443,-12.447058823529412,3.683513838748496,0.4908110487509629,0.2582387150373857,0.7947617475514471,0.1621743543475809,0.1136788819192252,0.1070760426983603,0.9757895895234951,2990.7905696202533
고려제강,16996.53893695921,0.210390725633319,48.37037037037037,2.053606411398041,0.2390979266863355,0.5104694463097491,0.6620458311441619,0.1786094359702022,0.0398092389766802,0.0538738228994058,0.6835872772097159,5078.069620253164
세아베스틸지주,24295.107540173056,0.4398217525041407,-1.7482688391038697,1.7960259084422,0.2056437889960295,0.8495593789341167,0.5406693136698809,0.1078579058365971,0.0676120249574588,0.0520986954055587,1.0354792966534316,7932.019796489873
동국제강,77253.0,0.3907072336829165,7.037410071942446,0.8600923313670172,-0.0688969230040574,1.276487924094307,0.4392731406198197,0.1603662831650622,0.1267741273424796,0.0881893244501981,1.143066891902559,12101.475056264559
현대제철,188625.27070457357,0.2677907608997192,-4.420131788229948,1.7110140890341243,0.1433226338537294,1.02855906770936,0.4929607502773855,0.1542063641416373,0.0660731110109253,0.040634625819671,0.6168596442445529,46885.07858810127
POSCO홀딩스,870792.0618046972,0.3207925554740383,3.0241024493904485,2.054902924763457,0.2674196143939758,0.6690405419953326,0.5991466203717876,0.1002105268673942,0.100994188360103,0.0786681330598787,0.8344917985473087,296812.90164303797
삼목에스폼,4005.339925834364,0.8017167381974248,42.285714285714285,1.4432387312186978,0.0968271334792122,0.4047131147540984,0.711889132020423,0.161029061457837,0.0067469000729394,0.0552516411378555,0.3827498176513493,2282.779746835443
아세아시멘트,12328.750309023486,0.1334603174603174,2.952191235059761,1.3512002630713582,0.0524223236636725,1.2154197477163984,0.4513817307220341,0.2647322428859511,0.0631227605163697,0.0486918961370441,0.4381288960879596,3799.1041715316455
SGC이테크건설,10308.593325092708,0.1515231554851206,-0.6148312119535141,1.232662192393736,0.140611796518506,1.8967205090553108,0.3452763224607064,0.1050539032036088,0.1167821531181342,0.1176271759337502,2.210410681088389,892.9949625316457
HDC현대산업개발,22336.3065512979,-0.083455942455452,-0.1993642143505903,1.573386140903703,0.3020528752436647,1.2758118739819082,0.4394036306042885,0.0940872201908499,0.041636208576998,0.0268488060428849,0.5122898391812866,7574.003622
자이에스앤디,5884.598269468479,0.2231892195395845,0.7464114832535885,1.487411487018096,0.9105272827484844,0.7654881608822576,0.5664155796435789,0.6825797567133348,0.0933308837038398,0.0670586073856329,0.8004776777512401,2557.9771988860757
현대엘리베이,14726.22496909765,0.0835712716889962,0.1470888661899898,1.0453621581670365,0.0164356965923545,1.6292906178489703,0.3803307223672759,0.1880004053917097,0.0431813617192207,0.0375912164423913,0.660574412532637,12540.73813993671
제일전기공업,1690.5537700865266,-0.0270984798413747,-0.1041666666666666,2.3391812865497075,0.3029100529100529,0.3023255813953488,0.7678571428571429,0.1616847826086956,0.0853174603174603,0.0853174603174603,0.9735449735449736,1197.1517215189872
이건산업,1510.892459826947,0.0774620474892954,5.882352941176471,0.996279761904762,-0.0011924636298592,1.2091675447839831,0.4526591938945862,0.2167630057803468,0.0765561650369663,0.0279036489387073,0.6601478654901025,854.5966759936708
계룡건설,21514.33868974042,0.1644545454545454,0.639412997903564,1.4631935542940853,0.217395041038202,2.0849794511467588,0.3241373383180783,0.1311187446326801,0.0999957028060676,0.0672081131021442,1.10085514159254,1614.2218729405063
인선이엔티,3200.731767614339,0.1812080536912751,-0.2985915492957746,1.1667990468625893,0.0425704439489154,0.4614928909952606,0.6843705655787553,0.234577922077922,0.0849381714980742,0.0504763835394283,0.4994932090006082,4019.32383481519
DL건설,23621.885043263286,0.1589415427187824,0.1761553918285331,2.257305059275338,0.4510062290368951,0.7429794341789331,0.5737302347867753,0.0785952345421081,0.1375179683756588,0.105174892189746,1.204060852898898,3121.87963236962
한신공영,6264.913473423981,-0.1578778341576209,-0.5759013282732448,1.5186844516851643,0.2402943535072409,2.127766302744172,0.3197320628331525,0.0961025093432995,0.0210387282418982,0.021085900278315,0.6184725694608236,945.516757356962
한샘,6988.665018541409,0.0791777509068923,-0.1437125748502994,1.1679857033443963,0.0527920410783055,1.0048254785266206,0.4987965340179717,0.2560953746862675,0.0556001283697047,0.0458921694480102,1.7901155327342748,11506.005507240508
GS건설,53285.28553770087,-0.1073111460154698,0.3005762814680012,1.1469867771616598,0.0794338665806094,2.1160752765407267,0.3209165091512609,0.1423765575548325,0.0425785546342459,0.0282408108695509,0.595151379439794,18531.100860000002
동아화성,1807.7058096415328,0.1031321619556913,4.24,1.2591125198098256,0.1203976435935198,0.9926632428466616,0.501840942562592,0.1558171745152354,0.0592783505154639,0.0482326951399116,1.0633284241531664,1549.56
화신,3194.145859085291,0.1391985260248733,-1.4501845018450183,1.012749445676275,0.007923748277446,2.0190707350901524,0.3311897106109325,0.1407083939835031,0.0277905374368396,0.028020211299954,1.420073495636197,4232.221082848102
세방전지,10765.312731767615,0.0791826309067688,0.2773613193403298,2.2516206482593035,0.3094870577060081,0.3897689768976897,0.7195440512942294,0.1546597633136094,0.0591902161006886,0.050581809546426,0.8026597007836619,7401.037974683543
삼기,-1553.028430160692,0.3913403199117485,0.6351351351351351,0.7840283241542093,-0.1052934407364787,2.470705725699068,0.2880705792098197,0.0895936570862239,-0.0078634445723053,-0.0232067510548523,0.9675872650556196,1281.9442919240507
HL홀딩스,14003.406674907292,0.4150584397934221,1.4081632653061225,0.910273579491104,-0.0204357298474945,1.2621981271562346,0.4420479302832244,0.217249327698809,0.060958605664488,0.0462745098039215,0.453681917211329,3292.6361225949363
피에이치에이,4869.443757725587,-0.0226530397218417,3.759493670886076,1.9260780287474333,0.2827290774213771,0.4820377825952307,0.6747466304461394,0.1085597240189737,0.0068958311566189,0.0392853411346776,0.9691777243757184,1693.6101265822786
삼영전자,2150.9517923362177,0.1909272183449651,0.4912280701754385,12.706484641638225,0.6309786607799853,0.0623290347792106,0.9415011037527594,0.1532021766429468,0.0288815305371596,0.0312729948491537,0.4394775570272259,1900.2278481012659
롯데에너지머티리얼즈,9592.719406674909,0.2831067237846899,0.4800936768149882,6.456258411843876,0.4623631386861314,0.2996368487363818,0.7694457116788321,0.1635941355784584,0.0398608576642335,0.0360401459854014,0.3928489963503649,29529.02852512658
엠씨넥스,5292.558714462299,-0.2303058034012049,0.0286458333333333,1.2505050505050506,0.0943862987630827,0.7578595317725753,0.5689819219790676,0.0739126127018725,0.0454804947668886,0.0751665080875356,1.9206470028544245,5542.147913012659
명신산업,6922.540173053153,0.369221260815822,-1.510135135135135,1.4996003197442047,0.2605976372480889,1.421743520700101,0.4129256428075052,0.181998736119888,0.0785267546907574,0.0629603891591382,1.5395413481584437,10243.033394168355
포스코DX,-1727.8430160692214,-0.0984235635760215,-2.5444444444444443,1.3999072141034563,0.2664605873261205,0.8012249443207127,0.5551777434312211,0.1531116990682158,-0.0301391035548686,-0.0214837712519319,1.3435857805255025,14516.622333163292
한온시스템,40057.42398022249,0.0696368292399022,1.7374449339207048,1.262377821219122,0.0896559262542963,2.324504380829329,0.3008003692143265,0.1154882063280463,0.0395690880163231,0.0377351615919938,0.8928428288618725,48428.4982278481
현대오토에버,12273.797280593324,0.324971201843082,0.1743421052631578,2.0392292764069864,0.3195515962661438,0.7052623927896496,0.586420016197093,0.1107032457496136,0.0409615958399045,0.0304334853586803,0.882485827543583,32470.34182701266
아시아나항공,-29417.25710754017,0.1190273587581547,0.0274353876739562,0.4896264768194224,-0.2043920597430194,24.10592976396085,0.0398312274989107,0.08631933082932,0.0071239117307589,-0.0395025491679852,0.3317128727250491,10079.308914065823
레드캡투어,1534.433868974042,-0.0026143790849673,0.09009009009009,0.3094447081158044,-0.297120686134368,1.7495788882650196,0.3636920563610373,0.9711664482306684,0.0418623647130896,0.0247090055135797,0.4674290381866449,1583.9218575189875
제주항공,-30910.13967861558,-0.2755968169761273,-0.1115823817292006,0.7999180831456072,-0.0771234606883485,5.881042911461162,0.1453268077044521,-0.8315635298425486,-0.250394695295232,-0.2149510577833912,0.2155825702557625,11646.8094248519
진에어,-21052.749072929542,-0.0905077262693156,-0.2983193277310924,0.7012490440989039,-0.194813829787234,2.4829183555298204,0.2870678191489361,-0.0368122977346278,-0.3080119680851064,-0.2220744680851064,0.4109042553191489,8491.486329113923
한화시스템,16593.201483312732,0.271836386876864,0.0459401709401709,1.4376274328081555,0.1818812110006933,0.7386820251808197,0.5751482936599646,0.12122517348648,0.02878566109442,0.0251393061654212,0.536553424235421,25615.55604066329
아스트,-3085.1199011124854,0.4899082568807339,-0.1061007957559681,0.9489795918367347,-0.0236966824644549,2.3376891334250343,0.2996084895940655,-0.0258620689655172,-0.0284360189573459,-0.0694415825262724,0.1673191840098908,1757.8117069658229
켄코아에어로스페이스,-1979.6489493201484,0.7310126582278481,1.10752688172043,0.8518518518518519,-0.0825515947467167,3.1640625,0.2401500938086304,-0.1078610603290676,-0.1294559099437148,-0.1838649155722326,0.5131332082551595,2135.6004190594936
쎄트렉아이,-1766.4870210135969,-0.1771300448430493,-2.0588235294117645,3.066455696202532,0.5675793133420252,0.9491955969517358,0.5132551064754455,0.0912806539509536,0.0056497175141242,-0.0547588005215123,0.3189917427205563,3544.249287626583
인텔리안테크,1005.2410383189122,0.2534059945504087,9.0,1.5909428359317002,0.304397705544933,0.6141975308641975,0.6195028680688337,0.7391304347826086,0.0084130019120458,0.022944550669216,0.5277246653919694,7175.1761774153165
제노코,1143.8714462299135,0.3372434017595307,2.411764705882353,1.4698795180722892,0.1854199683042789,1.0224358974358974,0.4944532488114104,0.1622807017543859,0.0681458003169572,0.0919175911251981,0.722662440570523,1756.1815663101268
효성,58194.38813349814,0.3621831908173484,447.5,1.221176018447348,0.0657038474711725,0.7577764398956452,0.5689005594245918,0.2643574155238229,0.1214179700879095,0.1024089507934695,0.6729268942421128,14162.662740189873
CJ,35443.21384425217,0.0776553090555671,2.9558823529411766,0.8951876957929948,-0.0423443607588902,1.5484253044613845,0.3923991800934312,0.325623477554808,0.0448517494518066,0.019234436075889,0.8219086662217562,27279.385142734176
한화,137816.50185414092,0.0374971773045467,2.225583038869258,1.0707814682130063,0.0057292775074865,8.25647044907578,0.1080325384822943,0.1079659550950959,0.0143902819028652,0.011216251350978,0.2596831769008427,20362.208267088605
LG,324606.6007416564,0.3192667961762613,0.7420652949957811,2.0137062272223103,0.0996891288595937,0.1699893346459922,0.8547086459575065,0.3401078874471497,0.0958363524452859,0.1045586642669596,0.2672011468729791,134679.5172851519
SK,266794.81829419034,0.2027362445371621,-53.63745387453874,1.0937923152691835,0.0255085010195418,1.5226786997331918,0.396404028822919,0.1109103871560444,0.029387718572593,0.0345041737115434,0.5878009341567071,127946.04628636708
서부T&D,5134.1668726823245,0.1403301886792453,-2.113636363636364,0.1813228585909782,-0.3138998202400039,1.5690214677983023,0.3892532672593888,0.5501551189245087,-0.0025749404848661,0.0190448428314628,0.0469805179031239,4745.045246189873
참좋은여행,-1739.332509270704,-0.6111111111111112,5.857142857142857,2.2288401253918497,0.4049586776859504,0.0720620842572062,0.9318181818181818,2.7755102040816326,-0.1931818181818181,-0.1487603305785124,0.0506198347107438,1433.174683544304
노랑풍선,-1180.2533992583435,-0.855,0.7457627118644068,0.8466819221967964,-0.0761363636363636,1.0206896551724138,0.4943181818181818,1.0,-0.1670454545454545,-0.1170454545454545,0.0329545454545454,1320.3910687898735
하나투어,-4209.117428924599,-0.6322992700729927,-0.6779505946935042,0.9634782608695652,-0.0146307477937761,6.449826989619377,0.1342313051555968,1.0,-0.2956339990710636,-0.1634928007431491,0.0935903390617742,9533.569747405063
GKL,-12344.054388133496,-0.5387533875338754,0.7620528771384136,1.6306641837368094,0.1912290607942781,0.3853976531942634,0.7218144174665914,0.1468860164512338,-0.27442123094297,-0.2132505175983436,0.1601731601731601,12174.761822329114
애경산업,1981.3423980222497,-0.0241455534772997,0.3652173913043478,2.355555555555556,0.3675550405561993,0.2463893703061814,0.8023174971031286,0.4676772956961143,0.0565469293163383,0.0363847045191193,1.3300115874855156,5248.957866101266
현대백화점,23825.864029666256,0.5715291219426359,1.2207421503330165,0.983219610816275,-0.0037015564375864,0.7163962033067973,0.5826160638629978,0.6551058112193483,0.0294786603041519,0.0260223877268875,0.3982963920974,12698.04599322785
잉글우드랩,2120.61804697157,0.1720116618075801,3.838709677419355,2.703703703703704,0.4664586583463339,0.582716049382716,0.6318252730109204,0.1610696517412935,0.1326053042121684,0.1170046801872074,1.2542901716068642,1022.277153292405
호전실업,1537.1124845488257,0.1791452991452991,-1.6742857142857144,1.463855421686747,0.2035018169805087,1.5203996669442132,0.3967624710934919,0.1916497535517541,0.0680541790551701,0.0389824909150974,1.1394119590353484,728.410137493671
빙그레,-2324.0086526576024,0.196329892607653,-1.553008595988539,2.0688976377952755,0.2142857142857142,0.3627890302921671,0.7338858195211786,0.2925745162977166,0.0344646145751118,-0.0253880557747961,1.5093396474611944,4250.186995234177
풀무원,1678.3757725587147,0.0898667358947732,-0.9745762711864406,0.884548395123165,-0.0471209505433126,2.339097999321804,0.2994820757591144,0.260510540315217,0.0195491012491114,0.0001523306590839,1.2790189905554992,4004.9248409797465
아모레G,22438.4239802225,0.0803229143425082,12.272727272727272,2.368255713500353,0.2167427625931501,0.2412903823583915,0.805613266816785,0.7255778149114737,0.0443139547903111,0.0363269926972792,0.6626068349485575,31425.438662658227
화승엔터프라이즈,-822.3238566131022,0.0204337694927406,-1.163855421686747,0.9733967356380928,-0.0155603999097947,1.4167877906976745,0.4137412613696158,0.1749516950641138,0.0053371419980455,-0.0051116289558746,0.85589716605277,5273.184394151899
한세실업,8731.179233621755,-0.0154860743096037,1.6085271317829457,1.2444408636803097,0.1247327742147673,1.6188630490956073,0.3818450912678836,0.2011363636363636,0.0877322808748561,0.0553362933728005,1.374773885874034,6693.772151898734
더네이쳐홀딩스,8273.474660074166,0.2629604365620737,0.5221932114882507,1.7209302325581397,0.2213700079344089,0.7178555202180827,0.5821211319756678,0.6932217121253038,0.1822269240941549,0.1541920126950542,0.9793705368950012,4056.4861474430377
CJ프레시웨이,3732.5735475896167,-0.0754892071817631,-1.7317647058823529,0.8262586377097729,-0.0868064118372379,2.5504962054874487,0.2816276202219482,0.1757440865846207,0.04570489108097,0.0255651459103986,1.883600493218249,3578.907495898734
동원F&B,8876.652657601979,0.1010314481279374,-0.1078305519897304,1.234475374732334,0.101823629694684,1.4232598898347522,0.4126672521568424,0.2478943448117802,0.067365810817792,0.0359043240171514,1.80327530092473,6240.3060923088615
제이에스코퍼레이션,6834.758961681087,1.4503475670307846,20.0,1.3276740237691005,0.1397791055585732,1.735512630014859,0.3655621944595328,0.1755825734549138,0.1104472207133804,0.0874524714828897,1.7870722433460076,1797.2507631253166
에스제이그룹,3198.7688504326325,0.3977591036414565,0.4777070063694267,3.3548387096774195,0.454828660436137,0.5344168260038241,0.6517133956386293,0.7374749498997996,0.1813084112149532,0.1445482866043613,0.9327102803738316,1515.4661111392404
영원무역,40346.12978986403,0.1322169964320467,0.8327850877192983,3.4294396499331468,0.5633949712481677,0.4573987346972311,0.6861540196188973,0.4714771709937332,0.1247322133273198,0.0942327207125944,0.7871518773255158,19827.699216025318
휠라홀딩스,32257.82447466008,0.2126054717463564,0.708649468892261,2.098746224947378,0.2799319172748257,0.8594840667678301,0.5377835808715521,0.5348708487084871,0.1149245727342675,0.0787614539858705,0.8846091072302922,22609.439277354428
F&F홀딩스,366643.7243510507,34.1256038647343,22.43559718969555,0.8500697350069735,-0.0271130867934045,0.2667838172450976,0.7894006746744853,0.7109063402558108,0.065954159967212,0.6309782780037202,0.2292316907847031,9456.071513749368
노바렉스,3571.070457354759,0.2513464991023339,0.052,1.249440715883669,0.0875883739198743,0.8192857142857143,0.5498821681068342,0.148493543758967,0.1178318931657502,0.103299293008641,1.0950510604870385,1755.3350712303795
콜마비앤에이치,9373.03461063041,-0.0227385071675729,-0.146067415730337,1.5583657587548638,0.1600669269380925,0.3911019141231246,0.7187209518497862,0.1736638003709324,0.1702918758133482,0.1271611823759063,1.1026213050752929,7239.6675863544315
롯데웰푸드,4393.334981458591,0.0334296724470134,-0.1294964028776978,1.2075554259043173,0.0533638340958523,1.009570459683497,0.4976374409360234,0.3417078400298313,0.0406885172129303,0.013612840321008,0.8045451136278406,10524.685284455696
오리온,34845.797280593324,0.0563727688581935,-0.0396941005098324,2.1962061697643227,0.2000705037815664,0.3611183808776062,0.7347134982694526,0.4017830609212481,0.1195039097551595,0.0845083963594411,0.754871170362774,52504.48375336708
신세계푸드,299.2336217552533,0.0717568330242683,-1.1090909090909091,1.5347261434217956,0.1076748152359295,2.08813202247191,0.323820352472996,0.1501542165049274,0.0341102899374644,0.0027288231949971,1.511426947129051,1785.0907331645572
대상,18926.714462299136,0.1146087626879095,0.1417322834645669,1.7258323305254712,0.2521511931719212,1.3015554842847978,0.4344887650235151,0.2796253602305475,0.0533704929454798,0.0505138477617139,1.2088486326423968,6799.609118860759
오뚜기,16559.060568603214,0.055125390038137,0.1775362318840579,1.2156155170999754,0.1008903215902985,0.6937926551836204,0.5904136925320439,0.1828769623950346,0.0639343004067848,0.0498887098012126,1.0511167395809349,18127.820946202533
LG생활건강,110890.2348578492,0.0314870291286888,0.0590333292337965,1.620723554856469,0.1253573697585768,0.374222416239223,0.7276842439644219,0.6243094605450163,0.1706903854299025,0.1139744811520542,1.0709842227869546,97773.86719392406
신세계인터내셔날,10732.84301606922,0.0945303658996605,0.6196078431372549,2.2561334641805693,0.2208610128548011,0.6107559755419678,0.6208265033215425,0.5909842845326716,0.0793719264946941,0.0712621861789319,1.2516607712880683,7636.275189873418
클리오,1196.009888751545,0.0664527956003666,-0.03125,2.941043083900227,0.3654995730145175,0.3990442054958183,0.7147736976942783,0.579286635152557,0.0593509820666097,0.0397096498719043,0.993595217762596,3697.6275751037974
제일기획,21513.4956736712,0.2102696604679937,0.0587492103600758,1.6427073974243789,0.3376735769639274,1.2550341523995387,0.4434522638763227,0.4625793066121418,0.0976358129105857,0.0659297431257621,1.3082490854018332,22310.425316202534
이노션,8403.74412855377,0.2300384898861682,0.033214709371293,1.4709366274642526,0.2528161337209302,1.637278390033541,0.3791787790697674,0.4451398135818908,0.0616369912790697,0.0395621366279069,0.6822311046511628,8329.113924050633
BGF리테일,19617.27194066749,0.0970507821979195,0.2029339853300733,0.7951795376291195,-0.0801879525496841,2.2082046212776474,0.3117008165151748,0.1735828466938005,0.0767986442766908,0.0568479433061161,2.6117701432753044,31618.39001536709
코스맥스,11420.269468479604,0.1508424325692385,-2.178694158075601,1.0057128348355973,0.0031871945605212,2.0337344220025786,0.3296267441036901,0.1743638077285579,0.0868333451377576,0.0242935052057511,1.1272044762376938,9079.463535329114
호텔신라,3213.305315203956,0.1853768702361908,-1.0956583127426756,1.074520656256177,0.0283832109919066,3.604610851100711,0.2171654432523997,1.0,0.0447204968944099,0.0102013928100884,1.422586109542631,31556.482907316455
연우,3441.137206427689,0.1429140127388535,1.3157894736842106,2.622516556291391,0.2448367754830113,0.2293202293202293,0.8134576948700866,0.0801114594218042,0.0996002664890073,0.0879413724183877,0.9563624250499668,2138.388207594937
티앤엘,2691.862793572312,0.770935960591133,0.96,7.485714285714286,0.461851475076297,0.0910099889012208,0.9165818921668362,0.4242002781641168,0.2268565615462869,0.1993896236012207,0.7314343845371313,3743.149772151899
클래시스,6165.561186650185,0.3150326797385621,0.1465968586387434,4.082872928176796,0.5157116451016636,0.3213194868662187,0.7564695009242144,1.0755467196819086,0.238909426987061,0.2024029574861368,0.4648798521256931,13729.298995162024
제노레이,1919.8368355995055,0.2042139384116693,0.4019607843137255,3.908571428571429,0.5120724346076458,0.2614213197969543,0.7927565392354124,0.4751009421265141,0.1509054325955734,0.1438631790744466,0.7474849094567404,1155.9252427594938
에스앤에스텍,1463.7527812113722,0.1304347826086956,0.0454545454545454,3.088524590163934,0.3226950354609929,0.1318807339449541,0.8834853090172239,0.3431174089068826,0.0638297872340425,0.058257345491388,0.5005065856129686,8360.090509316455
한솔제지,1746.5315203955497,0.2147824359229088,-0.7689713322091062,0.9311651113369676,-0.0394639262633753,1.7790372442219933,0.359836847123636,0.3121251771889652,0.0321538298548575,0.0072571246954126,0.9716071617756118,2820.4285106227844
웹젠,11533.85784919654,-0.0316218973138388,0.0069524913093858,5.838915470494418,0.4930928002600357,0.2162482704091717,0.8222005525759792,0.8500702247191011,0.1673980172273687,0.1412319193889159,0.4628636437510157,5899.001353194936
송원산업,9690.752781211371,0.2357019064124783,1.5070422535211268,1.68490099009901,0.2480279670132664,1.0535615681943675,0.4870025098601649,0.3021438589461029,0.0947472212262459,0.0638221584797418,0.8947651487988526,4372.2835443037975
엔비티,286.7194066749073,0.8600451467268623,-0.1904761904761904,1.7127659574468086,0.1664596273291925,0.9563106796116504,0.5118012422360249,1.3131067961165048,0.0385093167701863,0.0211180124223602,1.0236024844720495,1034.4480798303798
롯데케미칼,174239.00741656363,0.482492023234885,7.063890473474045,2.05950951060252,0.2122755434211908,0.4803292916731437,0.6755224194056495,0.1359785877873127,0.0671882109979348,0.0618502572718681,0.7928392663376387,76112.089848
솔루엠,2299.035846724352,0.0713423130515559,-0.6580976863753213,1.2602356406480115,0.2485581657054438,1.6496459187476704,0.3774089182726122,0.1810456949622821,0.0372766915177943,0.0187086791391194,1.6223097482064988,11557.295606753163
더존비즈온,7396.1063040791105,0.0398042414355628,-0.0604490500863557,1.0450254175744371,0.0068865933577696,0.7944987044050229,0.557258691547262,0.3762158770003138,0.0790847495279351,0.0604243030101077,0.3539931134066422,10534.55731564557
덴티움,7679.137206427688,0.2690465824989116,1.5,1.3335183129855717,0.1054016134689582,0.958777052559258,0.5105226236408278,0.662778730703259,0.1225885654156436,0.0973342686776569,0.5112241318835496,15026.707339746836
컴투스,17499.671199011125,0.0976424361493123,0.5903141361256544,3.6788362806617223,0.2526361093178395,0.3155920447306957,0.7601140520766085,0.7136209056738858,0.0282978265547665,0.06536475145255,0.3005702603830428,8921.47790835443
스튜디오드래곤,5106.002472187886,-0.0734259083127258,0.3175675675675675,1.2663398692810457,0.0553167420814479,0.292732855680655,0.7736425339366516,0.1638267296243071,0.0595022624434389,0.0441176470588235,0.5510180995475114,21668.7526721519
제이시스메디칼,2470.8578491965386,0.700836820083682,0.8,2.800751879699248,0.6464237516869096,0.5534591194968553,0.6437246963562753,0.9790897908979088,0.3184885290148448,0.1821862348178137,1.097165991902834,6759.588419411391
오스템임플란트,3210.1779975278123,0.3055731475617479,-0.7739130434782608,0.6977884176926584,-0.2301614863691613,4.320554272517321,0.1879666608786247,0.6018675721561969,0.1244139607570758,0.0203160270880361,0.7159229032818197,29147.9468041519
CJ ENM,25027.025957972808,0.0475347959424392,2.4695121951219514,1.145292522278187,0.042503085409163,0.8891347274760307,0.5293428708158073,0.4601677738993356,0.0373901216532755,0.0286628214492607,0.4473717351333652,19204.38721944304
쿠콘,1149.1557478368356,0.1945525291828793,-0.6190476190476191,1.7947932618683002,0.2569306930693069,0.5574402467232074,0.6420792079207921,1.0,0.0831683168316831,0.0356435643564356,0.3039603960396039,3097.628803765823
코웨이,64574.43634116193,0.1318650769135726,0.1502347417840375,0.8556294463346736,-0.0491238225543335,0.99569418189456,0.501078777035205,0.6519389787954043,0.1684470873020049,0.1224806609482713,0.964137241488186,38145.52838527215
NHN,15440.770086526576,0.1721301486717036,3.632142857142857,1.8895373072113384,0.2114825581395348,0.4424854665014772,0.6932478858350951,1.0,0.0323401162790697,0.0428448731501057,0.6354717230443975,9640.534167835443
휴비츠,1174.7836835599503,0.3552068473609129,-4.033333333333333,1.2730560578661845,0.0984354628422425,0.6147368421052631,0.6192959582790091,0.5221052631578947,0.0632333767926988,0.059322033898305,0.6192959582790091,1562.9707474278482
바텍,6980.276885043264,0.3876381498158002,-3.541284403669725,2.6798810703666995,0.4035714285714286,0.4757554462403373,0.6776190476190476,0.6050147492625368,0.1559523809523809,0.1319047619047619,0.8071428571428572,5179.904701468354
레이언스,1844.825710754017,0.3261083743842364,-4.439024390243903,5.254742547425474,0.6492969396195203,0.2114228456913827,0.8254755996691481,0.4086181277860327,0.0996691480562448,0.0583126550868486,0.5566583953680728,1969.2063528151898
SK네트웍스,12609.443757725589,0.0369098146980491,1.4584323040380047,0.7818144499178982,-0.090363302128383,2.939263290079531,0.2538545728888842,0.1031212277978961,0.0129636910391142,0.0109978854307239,1.1707806904759377,10414.5348825
자이언트스텝,-777.4140914709519,0.6435643564356436,1.5,8.560283687943262,0.7418232428670842,0.130503144654088,0.8851774530271399,1.0,-0.0201809324982602,-0.0243562978427279,0.2310368823938761,4463.0200504367085
금호석유,300008.3658838072,0.7593928682815262,2.3715265866209263,1.8755810773858357,0.157817563488054,0.5966672568809145,0.6263045701541456,0.1686166063958023,0.2965609867294256,0.2421972226671759,1.0426457360424854,41910.56054622785
삼양패키징,3827.401730531521,0.0661044613710555,-0.0619195046439628,1.0311804008908685,0.0091428571428571,0.9066002490660025,0.5244081632653061,0.2163817300331717,0.0752653061224489,0.049469387755102,0.6398367346938776,2862.546009278481
정상제이엘에스,1782.645241038319,0.1908665105386416,1.0298507462686568,0.8296703296703297,-0.0278026905829596,0.5486111111111112,0.6457399103139013,0.2654867256637168,0.1524663677130044,0.1219730941704035,0.9121076233183856,1126.5214137113924
와이더플래닛,-1991.6687268232383,0.2206896551724138,0.951219512195122,3.982905982905983,0.5619967793880838,1.42578125,0.4122383252818035,0.4745762711864407,-0.0885668276972624,-0.1288244766505636,0.5700483091787439,439.61158570126577
쿠쿠홈시스,15341.224969097651,0.0733536740401729,0.5138568129330254,1.663240332843857,0.1458086731948778,0.4233420125593506,0.7025718282578285,0.601326542698093,0.1765845259873022,0.1410739266114279,0.9085333046378996,6092.161120253164
환인제약,3407.948084054388,0.0355270821199767,0.1422413793103448,6.2075471698113205,0.4688561721404303,0.1134930643127364,0.8980747451868629,0.5556805399325084,0.0886183465458663,0.0750283125707814,0.5033975084937712,3097.9005194810134
KG모빌리언스,3735.250927070457,0.1394052044609665,0.3066666666666666,2.6644844517184945,0.4140879478827362,0.6549865229110512,0.6042345276872965,0.3021207177814029,0.0967019543973941,0.0598534201954397,0.6239820846905537,2577.5753986025315
그린플러스,-644.3164400494436,0.3269537480063796,1.238095238095238,2.609243697478992,0.3765978367748279,0.6726973684210527,0.5978367748279253,0.1286057692307692,0.0501474926253687,-0.0462143559488692,0.8180924287118977,1170.9223953265823
SNT모티브,10494.734239802228,0.00106303816307,0.4724264705882353,2.605799102519848,0.4045921029744303,0.3407182835820895,0.7458688467559575,0.1821174471700117,0.0796660288745868,0.069664289441642,0.8190120020873195,7093.609232405063
파마리서치,6398.6773794808405,0.4176632934682612,0.44,4.308333333333334,0.3713751169317119,0.3023751522533496,0.7680074836295603,0.7027903958468527,0.122778297474275,0.1094480823199251,0.3603835360149672,8785.163973493673
무림P&P,2331.441285537701,0.1625307823451411,-3.5921052631578947,1.0276130780958834,0.0109867888918846,1.397156244950719,0.4171609598274468,0.2185106729672478,0.0198166621730924,0.0132785117282286,0.413655971960097,2406.627833944304
롯데정밀화학,82698.88504326329,0.4089110477999367,1.9451710261569417,3.315617128463476,0.3375436019827428,0.2386973528609114,0.8072700569120617,0.2951188002022131,0.0897741876262162,0.2149807233339453,0.6536809252799707,15141.660759493669
KCC,-5726.175525339924,0.1556574081359666,-1.094847566411125,1.3585555555555555,0.0751694632305554,1.3955841595208422,0.4174347188036245,0.2258080988612572,0.0301889136494576,-0.0041307875672611,0.4561647345658402,20250.467617405062
